persona_id,nome,cognome,inizio_mandato,legislatura,tipo_mandato,carica,gruppo_partito,circoscrizione_o_collegio,regione,email_istituzionale,email_pec,form_contatti_url,telefono_e164,indirizzo_ufficio,photo_url,sito_ufficiale,fonte_url,fonte_data
32,Maria Elisabetta,Alberti Casellati,2022-10-13,19,elettivo,senatore,FI-BP-PPE,1 (BASILICATA - U01 (POTENZA),Basilicata,maria.alberticasellati@senato.it,,,,,https://www.senato.it/leg/19/Immagini/Senatori/00000032.jpg,https://www.senato.it/leg/19/BGT/Schede/Attsen/00000032.htm,https://www.senato.it/leg/19/BGT/Schede/Attsen/00000032.htm,2025-08-27
32578,Alessandro,Alfieri,2022-10-13,19,elettivo,senatore,PD-IDP,,Lombardia,alessandro.alfieri@senato.it,,,,,https://www.senato.it/leg/19/Immagini/Senatori/00032578.jpg,https://www.senato.it/leg/19/BGT/Schede/Attsen/00032578.htm,https://www.senato.it/leg/19/BGT/Schede/Attsen/00032578.htm,2025-08-27
36381,Vincenza,Aloisio,2022-10-13,19,elettivo,senatore,M5S,,Campania,vincenza.aloisio@senato.it,,,,,https://www.senato.it/leg/19/Immagini/Senatori/00036381.jpg,https://www.senato.it/leg/19/BGT/Schede/Attsen/00036381.htm,https://www.senato.it/leg/19/BGT/Schede/Attsen/00036381.htm,2025-08-27
36382,Paola,Ambrogio,2022-10-13,19,elettivo,senatore,F,2 (PIEMONTE - U02 (MONCALIERI),Piemonte,paola.ambrogio@senato.it,,,,,https://www.senato.it/leg/19/Immagini/Senatori/00036382.jpg,https://www.senato.it/leg/19/BGT/Schede/Attsen/00036382.htm,https://www.senato.it/leg/19/BGT/Schede/Attsen/00036382.htm,2025-08-27
31010,Bartolomeo,Amidei,2022-10-13,19,elettivo,senatore,F,,Veneto,bartolomeo.amidei@senato.it,,,,,https://www.senato.it/leg/19/Immagini/Senatori/00031010.jpg,https://www.senato.it/leg/19/BGT/Schede/Attsen/00031010.htm,https://www.senato.it/leg/19/BGT/Schede/Attsen/00031010.htm,2025-08-27
36383,Renato,Ancorotti,2022-10-13,19,elettivo,senatore,F,,Lombardia,renato.ancorotti@senato.it,,,,,https://www.senato.it/leg/19/Immagini/Senatori/00036383.jpg,https://www.senato.it/leg/19/BGT/Schede/Attsen/00036383.htm,https://www.senato.it/leg/19/BGT/Schede/Attsen/00036383.htm,2025-08-27
17542,Alberto,Balboni,2022-10-13,19,elettivo,senatore,F,4 (EMILIA-ROMAGNA - U04 (RAVENNA),Emilia,alberto.balboni@senato.it,,,,,https://www.senato.it/leg/19/Immagini/Senatori/00017542.jpg,https://www.senato.it/leg/19/BGT/Schede/Attsen/00017542.htm,https://www.senato.it/leg/19/BGT/Schede/Attsen/00017542.htm,2025-08-27
32583,Alberto,Barachini,2022-10-13,19,elettivo,senatore,,,Lombardia,alberto.barachini@senato.it,,,,,https://www.senato.it/leg/19/Immagini/Senatori/00032583.jpg,https://www.senato.it/leg/19/BGT/Schede/Attsen/00032583.htm,https://www.senato.it/leg/19/BGT/Schede/Attsen/00032583.htm,2025-08-27
36431,Michele,Barcaiuolo,2022-10-13,19,elettivo,senatore,F,,Emilia,michele.barcaiuolo@senato.it,,,,,https://www.senato.it/leg/19/Immagini/Senatori/00036431.jpg,https://www.senato.it/leg/19/BGT/Schede/Attsen/00036431.htm,https://www.senato.it/leg/19/BGT/Schede/Attsen/00036431.htm,2025-08-27
29270,Lorenzo,Basso,2022-10-13,19,elettivo,senatore,,,Liguria,lorenzo.basso@senato.it,,,,,https://www.senato.it/leg/19/Immagini/Senatori/00029270.jpg,https://www.senato.it/leg/19/BGT/Schede/Attsen/00029270.htm,https://www.senato.it/leg/19/BGT/Schede/Attsen/00029270.htm,2025-08-27
29273,Alfredo,Bazoli,2022-10-13,19,elettivo,senatore,,,Lombardia,alfredo.bazoli@senato.it,,,,,https://www.senato.it/leg/19/Immagini/Senatori/00029273.jpg,https://www.senato.it/leg/19/BGT/Schede/Attsen/00029273.htm,https://www.senato.it/leg/19/BGT/Schede/Attsen/00029273.htm,2025-08-27
32586,Giorgio Maria,Bergesio,2022-10-13,19,elettivo,senatore,LSP-PS,5 (PIEMONTE - U05 (CUNEO),Piemonte,giorgio.bergesio@senato.it,,,,,https://www.senato.it/leg/19/Immagini/Senatori/00032586.jpg,https://www.senato.it/leg/19/BGT/Schede/Attsen/00032586.htm,https://www.senato.it/leg/19/BGT/Schede/Attsen/00032586.htm,2025-08-27
25558,Anna Maria,Bernini,2022-10-13,19,elettivo,senatore,FI-BP-PPE,3 (VENETO - U03 (PADOVA),Veneto,annamaria.bernini@senato.it,,,,,https://www.senato.it/leg/19/Immagini/Senatori/00025558.jpg,https://www.senato.it/leg/19/BGT/Schede/Attsen/00025558.htm,https://www.senato.it/leg/19/BGT/Schede/Attsen/00025558.htm,2025-08-27
36384,Gianni,Berrino,2022-10-13,19,elettivo,senatore,F,1 (LIGURIA - U01 (GENOVA: MUNICIPIO VII - PONENTE),Liguria,giovanni.berrino@senato.it,,,,,https://www.senato.it/leg/19/Immagini/Senatori/00036384.jpg,https://www.senato.it/leg/19/BGT/Schede/Attsen/00036384.htm,https://www.senato.it/leg/19/BGT/Schede/Attsen/00036384.htm,2025-08-27
36385,Dolores,Bevilacqua,2022-10-13,19,elettivo,senatore,M5S,1 (SICILIA - U01 (PALERMO: QUARTIERE 11 - SETTE CANNOLI),Sicilia,dolores.bevilacqua@senato.it,,,,,https://www.senato.it/leg/19/Immagini/Senatori/00036385.jpg,https://www.senato.it/leg/19/BGT/Schede/Attsen/00036385.htm,https://www.senato.it/leg/19/BGT/Schede/Attsen/00036385.htm,2025-08-27
22871,Michaela,Biancofiore,2022-10-13,19,elettivo,senatore,,2 (TRENTINO-ALTO ADIGE/SÜDTIROL - U02 (ROVERETO),Trentino,michaela.biancofiore@senato.it,,,,,https://www.senato.it/leg/19/Immagini/Senatori/00022871.jpg,https://www.senato.it/leg/19/BGT/Schede/Attsen/00022871.htm,https://www.senato.it/leg/19/BGT/Schede/Attsen/00022871.htm,2025-08-27
32851,Anna,Bilotti,2022-10-13,19,elettivo,senatore,M5S,,Campania,anna.bilotti@senato.it,,,,,https://www.senato.it/leg/19/Immagini/Senatori/00032851.jpg,https://www.senato.it/leg/19/BGT/Schede/Attsen/00032851.htm,https://www.senato.it/leg/19/BGT/Schede/Attsen/00032851.htm,2025-08-27
36386,Mara,Bizzotto,2022-10-13,19,elettivo,senatore,,4 (VENETO - U04 (VICENZA),Veneto,mara.bizzotto@senato.it,,,,,https://www.senato.it/leg/19/Immagini/Senatori/00036386.jpg,https://www.senato.it/leg/19/BGT/Schede/Attsen/00036386.htm,https://www.senato.it/leg/19/BGT/Schede/Attsen/00036386.htm,2025-08-27
25555,Francesco,Boccia,2022-10-13,19,elettivo,senatore,,,Puglia,francesco.boccia@senato.it,,,,,https://www.senato.it/leg/19/Immagini/Senatori/00025555.jpg,https://www.senato.it/leg/19/BGT/Schede/Attsen/00025555.htm,https://www.senato.it/leg/19/BGT/Schede/Attsen/00025555.htm,2025-08-27
22877,Giulia,Bongiorno,2022-10-13,19,elettivo,senatore,LSP-PS,3 (LAZIO - U03 (ROMA: MUNICIPIO V),Lazio,giulia.bongiorno@senato.it,,,,,https://www.senato.it/leg/19/Immagini/Senatori/00022877.jpg,https://www.senato.it/leg/19/BGT/Schede/Attsen/00022877.htm,https://www.senato.it/leg/19/BGT/Schede/Attsen/00022877.htm,2025-08-27
29291,Mario Alejandro,Borghese,2022-10-13,19,elettivo,senatore,,,,mario.borghese@senato.it,,,,,https://www.senato.it/leg/19/Immagini/Senatori/00029291.jpg,https://www.senato.it/leg/19/BGT/Schede/Attsen/00029291.htm,https://www.senato.it/leg/19/BGT/Schede/Attsen/00029291.htm,2025-08-27
29292,Stefano,Borghesi,2022-10-13,19,elettivo,senatore,LSP-PS,8 (LOMBARDIA - U08 (BRESCIA),Lombardia,stefano.borghesi@senato.it,,,,,https://www.senato.it/leg/19/Immagini/Senatori/00029292.jpg,https://www.senato.it/leg/19/BGT/Schede/Attsen/00029292.htm,https://www.senato.it/leg/19/BGT/Schede/Attsen/00029292.htm,2025-08-27
33070,Claudio,Borghi,2022-10-13,19,elettivo,senatore,LSP-PS,,Toscana,claudio.borghi@senato.it,,,,,https://www.senato.it/leg/19/Immagini/Senatori/00033070.jpg,https://www.senato.it/leg/19/BGT/Schede/Attsen/00033070.htm,https://www.senato.it/leg/19/BGT/Schede/Attsen/00033070.htm,2025-08-27
29293,Enrico,Borghi,2022-10-13,19,elettivo,senatore,IV-C-RE,,Piemonte,enrico.borghi@senato.it,,,,,https://www.senato.it/leg/19/Immagini/Senatori/00029293.jpg,https://www.senato.it/leg/19/BGT/Schede/Attsen/00029293.htm,https://www.senato.it/leg/19/BGT/Schede/Attsen/00029293.htm,2025-08-27
32590,Lucia,Borgonzoni,2022-10-13,19,elettivo,senatore,LSP-PS,,Emilia,lucia.borgonzoni@senato.it,,,,,https://www.senato.it/leg/19/Immagini/Senatori/00032590.jpg,https://www.senato.it/leg/19/BGT/Schede/Attsen/00032590.htm,https://www.senato.it/leg/19/BGT/Schede/Attsen/00032590.htm,2025-08-27
32856,Carmela,Bucalo,2022-10-13,19,elettivo,senatore,F,,Sicilia,carmela.bucalo@senato.it,,,,,https://www.senato.it/leg/19/Immagini/Senatori/00032856.jpg,https://www.senato.it/leg/19/BGT/Schede/Attsen/00032856.htm,https://www.senato.it/leg/19/BGT/Schede/Attsen/00032856.htm,2025-08-27
407,Alessio,Butti,2022-10-13,19,elettivo,senatore,F,,Lombardia,alessio.butti@senato.it,,,,,https://www.senato.it/leg/19/Immagini/Senatori/00000407.jpg,https://www.senato.it/leg/19/BGT/Schede/Attsen/00000407.htm,https://www.senato.it/leg/19/BGT/Schede/Attsen/00000407.htm,2025-08-27
34485,Nicola,Calandrini,2022-10-13,19,elettivo,senatore,F,,Lazio,nicola.calandrini@senato.it,,,,,https://www.senato.it/leg/19/Immagini/Senatori/00034485.jpg,https://www.senato.it/leg/19/BGT/Schede/Attsen/00034485.htm,https://www.senato.it/leg/19/BGT/Schede/Attsen/00034485.htm,2025-08-27
422,Roberto,Calderoli,2022-10-13,19,elettivo,senatore,LSP-PS,,Lombardia,roberto.calderoli@senato.it,,,,,https://www.senato.it/leg/19/Immagini/Senatori/00000422.jpg,https://www.senato.it/leg/19/BGT/Schede/Attsen/00000422.htm,https://www.senato.it/leg/19/BGT/Schede/Attsen/00000422.htm,2025-08-27
30110,Carlo,Calenda,2022-10-13,19,elettivo,senatore,M,,Sicilia,carlo.calenda@senato.it,,,,,https://www.senato.it/leg/19/Immagini/Senatori/00030110.jpg,https://www.senato.it/leg/19/BGT/Schede/Attsen/00030110.htm,https://www.senato.it/leg/19/BGT/Schede/Attsen/00030110.htm,2025-08-27
36432,Susanna Donatella,Campione,2022-10-13,19,elettivo,senatore,F,,Toscana,susannadonatella.campione@senato.it,,,,,https://www.senato.it/leg/19/Immagini/Senatori/00036432.jpg,https://www.senato.it/leg/19/BGT/Schede/Attsen/00036432.htm,https://www.senato.it/leg/19/BGT/Schede/Attsen/00036432.htm,2025-08-27
36392,Susanna Lina Giulia,Camusso,2022-10-13,19,elettivo,senatore,PD-IDP,,Campania,susannalina.camusso@senato.it,,,,,https://www.senato.it/leg/19/Immagini/Senatori/00036392.jpg,https://www.senato.it/leg/19/BGT/Schede/Attsen/00036392.htm,https://www.senato.it/leg/19/BGT/Schede/Attsen/00036392.htm,2025-08-27
32862,Gianluca,Cantalamessa,2022-10-13,19,elettivo,senatore,LSP-PS,,Campania,gianluca.cantalamessa@senato.it,,,,,https://www.senato.it/leg/19/Immagini/Senatori/00032862.jpg,https://www.senato.it/leg/19/BGT/Schede/Attsen/00032862.htm,https://www.senato.it/leg/19/BGT/Schede/Attsen/00032862.htm,2025-08-27
32598,Maria Cristina,Cantu',2022-10-13,19,elettivo,senatore,LSP-PS,,Lombardia,mariacristina.cantu@senato.it,,,,,https://www.senato.it/leg/19/Immagini/Senatori/00032598.jpg,https://www.senato.it/leg/19/BGT/Schede/Attsen/00032598.htm,https://www.senato.it/leg/19/BGT/Schede/Attsen/00032598.htm,2025-08-27
520,Pier Ferdinando,Casini,2022-10-13,19,elettivo,senatore,PD-IDP,3 (EMILIA-ROMAGNA - U03 (BOLOGNA),Emilia,pierferdinando.casini@senato.it,,,,,https://www.senato.it/leg/19/Immagini/Senatori/00000520.jpg,https://www.senato.it/leg/19/BGT/Schede/Attsen/00000520.htm,https://www.senato.it/leg/19/BGT/Schede/Attsen/00000520.htm,2025-08-27
36388,Guido,Castelli,2022-10-13,19,elettivo,senatore,F,,Marche,guido.castelli@senato.it,,,,,https://www.senato.it/leg/19/Immagini/Senatori/00036388.jpg,https://www.senato.it/leg/19/BGT/Schede/Attsen/00036388.htm,https://www.senato.it/leg/19/BGT/Schede/Attsen/00036388.htm,2025-08-27
32600,Maria Domenica,Castellone,2022-10-13,19,elettivo,senatore,M5S,5 (CAMPANIA - U05 (GIUGLIANO IN CAMPANIA),Campania,mariadomenica.castellone@senato.it,,,,,https://www.senato.it/leg/19/Immagini/Senatori/00032600.jpg,https://www.senato.it/leg/19/BGT/Schede/Attsen/00032600.htm,https://www.senato.it/leg/19/BGT/Schede/Attsen/00032600.htm,2025-08-27
33065,Roberto,Cataldi,2022-10-13,19,elettivo,senatore,M5S,,Marche,roberto.cataldi@senato.it,,,,,https://www.senato.it/leg/19/Immagini/Senatori/00033065.jpg,https://www.senato.it/leg/19/BGT/Schede/Attsen/00033065.htm,https://www.senato.it/leg/19/BGT/Schede/Attsen/00033065.htm,2025-08-27
30511,Elena,Cattaneo,2022-10-13,19,"a vita, di nomina del Presidente della Repubblica",senatore,A,,,elena.cattaneo@senato.it,,,,,https://www.senato.it/leg/19/Immagini/Senatori/00030511.jpg,https://www.senato.it/leg/19/BGT/Schede/Attsen/00030511.htm,https://www.senato.it/leg/19/BGT/Schede/Attsen/00030511.htm,2025-08-27
29067,Gian Marco,Centinaio,2022-10-13,19,elettivo,senatore,LSP-PS,10 (LOMBARDIA - U10 (PAVIA),Lombardia,gianmarco.centinaio@senato.it,,,,,https://www.senato.it/leg/19/Immagini/Senatori/00029067.jpg,https://www.senato.it/leg/19/BGT/Schede/Attsen/00029067.htm,https://www.senato.it/leg/19/BGT/Schede/Attsen/00029067.htm,2025-08-27
32603,Luca,Ciriani,2022-10-13,19,elettivo,senatore,F,1 (FRIULI-VENEZIA GIULIA - U01 (TRIESTE),Friuli,luca.ciriani@senato.it,,,,,https://www.senato.it/leg/19/Immagini/Senatori/00032603.jpg,https://www.senato.it/leg/19/BGT/Schede/Attsen/00032603.htm,https://www.senato.it/leg/19/BGT/Schede/Attsen/00032603.htm,2025-08-27
22910,Giulia,Cosenza,2022-10-13,19,elettivo,senatore,F,2 (CAMPANIA - U02 (BENEVENTO),Campania,giulia.cosenza@senato.it,,,,,https://www.senato.it/leg/19/Immagini/Senatori/00022910.jpg,https://www.senato.it/leg/19/BGT/Schede/Attsen/00022910.htm,https://www.senato.it/leg/19/BGT/Schede/Attsen/00022910.htm,2025-08-27
22914,Stefania Gabriella Anastasia,Craxi,2022-10-13,19,elettivo,senatore,FI-BP-PPE,3 (SICILIA - U03 (GELA),Sicilia,stefania.craxi@senato.it,,,,,https://www.senato.it/leg/19/Immagini/Senatori/00022914.jpg,https://www.senato.it/leg/19/BGT/Schede/Attsen/00022914.htm,https://www.senato.it/leg/19/BGT/Schede/Attsen/00022914.htm,2025-08-27
36387,Andrea,Crisanti,2022-10-13,19,elettivo,senatore,PD-IDP,,,andrea.crisanti@senato.it,,,,,https://www.senato.it/leg/19/Immagini/Senatori/00036387.jpg,https://www.senato.it/leg/19/BGT/Schede/Attsen/00036387.htm,https://www.senato.it/leg/19/BGT/Schede/Attsen/00036387.htm,2025-08-27
32608,Marco,Croatti,2022-10-13,19,elettivo,senatore,M5S,,Emilia,marco.croatti@senato.it,,,,,https://www.senato.it/leg/19/Immagini/Senatori/00032608.jpg,https://www.senato.it/leg/19/BGT/Schede/Attsen/00032608.htm,https://www.senato.it/leg/19/BGT/Schede/Attsen/00032608.htm,2025-08-27
36390,Ilaria,Cucchi,2022-10-13,19,elettivo,senatore,M,4 (TOSCANA - U04 (FIRENZE),Toscana,ilaria.cucchi@senato.it,,,,,https://www.senato.it/leg/19/Immagini/Senatori/00036390.jpg,https://www.senato.it/leg/19/BGT/Schede/Attsen/00036390.htm,https://www.senato.it/leg/19/BGT/Schede/Attsen/00036390.htm,2025-08-27
31875,Cecilia,D'Elia,2022-10-13,19,elettivo,senatore,,,Lazio,cecilia.delia@senato.it,,,,,https://www.senato.it/leg/19/Immagini/Senatori/00031875.jpg,https://www.senato.it/leg/19/BGT/Schede/Attsen/00031875.htm,https://www.senato.it/leg/19/BGT/Schede/Attsen/00031875.htm,2025-08-27
36391,Concetta,Damante,2022-10-13,19,elettivo,senatore,M5S,,Sicilia,concetta.damante@senato.it,,,,,https://www.senato.it/leg/19/Immagini/Senatori/00036391.jpg,https://www.senato.it/leg/19/BGT/Schede/Attsen/00036391.htm,https://www.senato.it/leg/19/BGT/Schede/Attsen/00036391.htm,2025-08-27
32747,Dario,Damiani,2022-10-13,19,elettivo,senatore,FI-BP-PPE,,Puglia,dario.damiani@senato.it,,,,,https://www.senato.it/leg/19/Immagini/Senatori/00032747.jpg,https://www.senato.it/leg/19/BGT/Schede/Attsen/00032747.htm,https://www.senato.it/leg/19/BGT/Schede/Attsen/00032747.htm,2025-08-27
32898,Luca,De Carlo,2022-10-13,19,elettivo,senatore,F,2 (VENETO - U02 (TREVISO),Veneto,luca.decarlo@senato.it,,,,,https://www.senato.it/leg/19/Immagini/Senatori/00032898.jpg,https://www.senato.it/leg/19/BGT/Schede/Attsen/00032898.htm,https://www.senato.it/leg/19/BGT/Schede/Attsen/00032898.htm,2025-08-27
22918,Peppe,De Cristofaro,2022-10-13,19,elettivo,senatore,,,Lazio,giuseppe.decristofaro@senato.it,,,,,https://www.senato.it/leg/19/Immagini/Senatori/00022918.jpg,https://www.senato.it/leg/19/BGT/Schede/Attsen/00022918.htm,https://www.senato.it/leg/19/BGT/Schede/Attsen/00022918.htm,2025-08-27
22814,Antonio,De Poli,2022-10-13,19,elettivo,senatore,,2 (MARCHE - U02 (ANCONA),Marche,antonio.depoli@senato.it,,,,,https://www.senato.it/leg/19/Immagini/Senatori/00022814.jpg,https://www.senato.it/leg/19/BGT/Schede/Attsen/00022814.htm,https://www.senato.it/leg/19/BGT/Schede/Attsen/00022814.htm,2025-08-27
36393,Andrea,De Priamo,2022-10-13,19,elettivo,senatore,F,,Lazio,andrea.depriamo@senato.it,,,,,https://www.senato.it/leg/19/Immagini/Senatori/00036393.jpg,https://www.senato.it/leg/19/BGT/Schede/Attsen/00036393.htm,https://www.senato.it/leg/19/BGT/Schede/Attsen/00036393.htm,2025-08-27
36394,Raffaele,De Rosa,2022-10-13,19,elettivo,senatore,FI-BP-PPE,7 (CAMPANIA - U07 (ACERRA),Campania,raffaele.derosa@senato.it,,,,,https://www.senato.it/leg/19/Immagini/Senatori/00036394.jpg,https://www.senato.it/leg/19/BGT/Schede/Attsen/00036394.htm,https://www.senato.it/leg/19/BGT/Schede/Attsen/00036394.htm,2025-08-27
36395,Costanzo,Della Porta,2022-10-13,19,elettivo,senatore,F,,Molise,costanzo.dellaporta@senato.it,,,,,https://www.senato.it/leg/19/Immagini/Senatori/00036395.jpg,https://www.senato.it/leg/19/BGT/Schede/Attsen/00036395.htm,https://www.senato.it/leg/19/BGT/Schede/Attsen/00036395.htm,2025-08-27
28670,Graziano,Delrio,2022-10-13,19,elettivo,senatore,PD-IDP,,Emilia,graziano.delrio@senato.it,,,,,https://www.senato.it/leg/19/Immagini/Senatori/00028670.jpg,https://www.senato.it/leg/19/BGT/Schede/Attsen/00028670.htm,https://www.senato.it/leg/19/BGT/Schede/Attsen/00028670.htm,2025-08-27
32619,Gabriella,Di Girolamo,2022-10-13,19,elettivo,senatore,,,Abruzzo,gabriella.digirolamo@senato.it,,,,,https://www.senato.it/leg/19/Immagini/Senatori/00032619.jpg,https://www.senato.it/leg/19/BGT/Schede/Attsen/00032619.htm,https://www.senato.it/leg/19/BGT/Schede/Attsen/00032619.htm,2025-08-27
36396,Marco,Dreosto,2022-10-13,19,elettivo,senatore,LSP-PS,,Friuli,marco.dreosto@senato.it,,,,,https://www.senato.it/leg/19/Immagini/Senatori/00036396.jpg,https://www.senato.it/leg/19/BGT/Schede/Attsen/00036396.htm,https://www.senato.it/leg/19/BGT/Schede/Attsen/00036396.htm,2025-08-27
33096,Claudio,Durigon,2022-10-13,19,elettivo,senatore,LSP-PS,1 (LAZIO - U01 (VITERBO),Lazio,claudio.durigon@senato.it,,,,,https://www.senato.it/leg/19/Immagini/Senatori/00033096.jpg,https://www.senato.it/leg/19/BGT/Schede/Attsen/00033096.htm,https://www.senato.it/leg/19/BGT/Schede/Attsen/00033096.htm,2025-08-27
32624,Meinhard,Durnwalder,2022-10-13,19,elettivo,senatore,A,6 (TRENTINO-ALTO ADIGE/SÜDTIROL - U06 (BRESSANONE/BRIXEN),Trentino,meinhard.durnwalder@senato.it,,,,,https://www.senato.it/leg/19/Immagini/Senatori/00032624.jpg,https://www.senato.it/leg/19/BGT/Schede/Attsen/00032624.htm,https://www.senato.it/leg/19/BGT/Schede/Attsen/00032624.htm,2025-08-27
36398,Anna Maria,Fallucchi,2022-10-13,19,elettivo,senatore,F,1 (PUGLIA - U01 (FOGGIA),Puglia,annamaria.fallucchi@senato.it,,,,,https://www.senato.it/leg/19/Immagini/Senatori/00036398.jpg,https://www.senato.it/leg/19/BGT/Schede/Attsen/00036398.htm,https://www.senato.it/leg/19/BGT/Schede/Attsen/00036398.htm,2025-08-27
36397,Marta,Farolfi,2022-10-13,19,elettivo,senatore,F,5 (EMILIA-ROMAGNA - U05 (RIMINI),Emilia,marta.farolfi@senato.it,,,,,https://www.senato.it/leg/19/Immagini/Senatori/00036397.jpg,https://www.senato.it/leg/19/BGT/Schede/Attsen/00036397.htm,https://www.senato.it/leg/19/BGT/Schede/Attsen/00036397.htm,2025-08-27
32628,Giovanbattista,Fazzolari,2022-10-13,19,elettivo,senatore,F,,Puglia,giovanbattista.fazzolari@senato.it,,,,,https://www.senato.it/leg/19/Immagini/Senatori/00032628.jpg,https://www.senato.it/leg/19/BGT/Schede/Attsen/00032628.htm,https://www.senato.it/leg/19/BGT/Schede/Attsen/00032628.htm,2025-08-27
4192,Claudio,Fazzone,2022-10-13,19,elettivo,senatore,FI-BP-PPE,6 (LAZIO - U06 (LATINA),Lazio,claudio.fazzone@senato.it,,,,,https://www.senato.it/leg/19/Immagini/Senatori/00004192.jpg,https://www.senato.it/leg/19/BGT/Schede/Attsen/00004192.htm,https://www.senato.it/leg/19/BGT/Schede/Attsen/00004192.htm,2025-08-27
30294,Michele,Fina,2022-10-13,19,elettivo,senatore,PD-IDP,,Abruzzo,michele.fina@senato.it,,,,,https://www.senato.it/leg/19/Immagini/Senatori/00030294.jpg,https://www.senato.it/leg/19/BGT/Schede/Attsen/00030294.htm,https://www.senato.it/leg/19/BGT/Schede/Attsen/00030294.htm,2025-08-27
36399,Aurora,Floridia,2022-10-13,19,elettivo,senatore,A,,Veneto,aurora.floridia@senato.it,,,,,https://www.senato.it/leg/19/Immagini/Senatori/00036399.jpg,https://www.senato.it/leg/19/BGT/Schede/Attsen/00036399.htm,https://www.senato.it/leg/19/BGT/Schede/Attsen/00036399.htm,2025-08-27
32634,Barbara,Floridia,2022-10-13,19,elettivo,senatore,M5S,,Sicilia,barbara.floridia@senato.it,,,,,https://www.senato.it/leg/19/Immagini/Senatori/00032634.jpg,https://www.senato.it/leg/19/BGT/Schede/Attsen/00032634.htm,https://www.senato.it/leg/19/BGT/Schede/Attsen/00032634.htm,2025-08-27
36400,Silvio,Franceschelli,2022-10-13,19,elettivo,senatore,PD-IDP,,Toscana,silvio.franceschelli@senato.it,,,,,https://www.senato.it/leg/19/Immagini/Senatori/00036400.jpg,https://www.senato.it/leg/19/BGT/Schede/Attsen/00036400.htm,https://www.senato.it/leg/19/BGT/Schede/Attsen/00036400.htm,2025-08-27
5799,Dario,Franceschini,2022-10-13,19,elettivo,senatore,PD-IDP,,Campania,dario.franceschini@senato.it,,,,,https://www.senato.it/leg/19/Immagini/Senatori/00005799.jpg,https://www.senato.it/leg/19/BGT/Schede/Attsen/00005799.htm,https://www.senato.it/leg/19/BGT/Schede/Attsen/00005799.htm,2025-08-27
29406,Silvia,Fregolent,2022-10-13,19,elettivo,senatore,,,Emilia,silvia.fregolent@senato.it,,,,,https://www.senato.it/leg/19/Immagini/Senatori/00029406.jpg,https://www.senato.it/leg/19/BGT/Schede/Attsen/00029406.htm,https://www.senato.it/leg/19/BGT/Schede/Attsen/00029406.htm,2025-08-27
31725,Annamaria,Furlan,2022-10-13,19,elettivo,senatore,,,Sicilia,annamaria.furlan@senato.it,,,,,https://www.senato.it/leg/19/Immagini/Senatori/00031725.jpg,https://www.senato.it/leg/19/BGT/Schede/Attsen/00031725.htm,https://www.senato.it/leg/19/BGT/Schede/Attsen/00031725.htm,2025-08-27
32637,Adriano,Galliani,2023-10-30,19,elettivo,senatore,FI-BP-PPE,6 (LOMBARDIA - U06 (MONZA),Lombardia,adriano.galliani@senato.it,,,,,https://www.senato.it/leg/19/Immagini/Senatori/00032637.jpg,https://www.senato.it/leg/19/BGT/Schede/Attsen/00032637.htm,https://www.senato.it/leg/19/BGT/Schede/Attsen/00032637.htm,2025-08-27
22963,Massimo,Garavaglia,2022-10-13,19,elettivo,senatore,LSP-PS,,Piemonte,massimo.garavaglia@senato.it,,,,,https://www.senato.it/leg/19/Immagini/Senatori/00022963.jpg,https://www.senato.it/leg/19/BGT/Schede/Attsen/00022963.htm,https://www.senato.it/leg/19/BGT/Schede/Attsen/00022963.htm,2025-08-27
18121,Daniela,Garnero Santanche',2022-10-13,19,elettivo,senatore,F,11 (LOMBARDIA - U11 (CREMONA),Lombardia,daniela.santanche@senato.it,,,,,https://www.senato.it/leg/19/Immagini/Senatori/00018121.jpg,https://www.senato.it/leg/19/BGT/Schede/Attsen/00018121.htm,https://www.senato.it/leg/19/BGT/Schede/Attsen/00018121.htm,2025-08-27
1103,Maurizio,Gasparri,2022-10-13,19,elettivo,senatore,,,Lazio,,,,,,https://www.senato.it/leg/19/Immagini/Senatori/00001103.jpg,https://www.senato.it/leg/19/BGT/Schede/Attsen/00001103.htm,https://www.senato.it/leg/19/BGT/Schede/Attsen/00001103.htm,2025-08-27
32640,Felicia,Gaudiano,2025-01-08,19,elettivo,senatore,M5S,,Campania,felicia.gaudiano@senato.it,,,,,https://www.senato.it/leg/19/Immagini/Senatori/00032640.jpg,https://www.senato.it/leg/19/BGT/Schede/Attsen/00032640.htm,https://www.senato.it/leg/19/BGT/Schede/Attsen/00032640.htm,2025-08-27
36433,Matteo,Gelmetti,2022-10-13,19,elettivo,senatore,F,,Veneto,matteo.gelmetti@senato.it,,,,,https://www.senato.it/leg/19/Immagini/Senatori/00036433.jpg,https://www.senato.it/leg/19/BGT/Schede/Attsen/00036433.htm,https://www.senato.it/leg/19/BGT/Schede/Attsen/00036433.htm,2025-08-27
22966,Mariastella,Gelmini,2022-10-13,19,elettivo,senatore,C,,Toscana,mariastella.gelmini@senato.it,,,,,https://www.senato.it/leg/19/Immagini/Senatori/00022966.jpg,https://www.senato.it/leg/19/BGT/Schede/Attsen/00022966.htm,https://www.senato.it/leg/19/BGT/Schede/Attsen/00022966.htm,2025-08-27
1116,Antonino,Germana',2022-10-13,19,elettivo,senatore,,,Sicilia,antoninosalvatore.germana@senato.it,,,,,https://www.senato.it/leg/19/Immagini/Senatori/00001116.jpg,https://www.senato.it/leg/19/BGT/Schede/Attsen/00001116.htm,https://www.senato.it/leg/19/BGT/Schede/Attsen/00001116.htm,2025-08-27
29105,Francesco,Giacobbe,2022-10-13,19,elettivo,senatore,PD-IDP,,,francesco.giacobbe@senato.it,,,,,https://www.senato.it/leg/19/Immagini/Senatori/00029105.jpg,https://www.senato.it/leg/19/BGT/Schede/Attsen/00029105.htm,https://www.senato.it/leg/19/BGT/Schede/Attsen/00029105.htm,2025-08-27
29425,Andrea,Giorgis,2022-10-13,19,elettivo,senatore,PD-IDP,1 (PIEMONTE - U01 (TORINO: CIRCOSCRIZIONE 2 - SANTA RITA - MIRAFIORI NORD - MIRAFIORI SUD),Piemonte,andrea.giorgis@senato.it,,,,,https://www.senato.it/leg/19/Immagini/Senatori/00029425.jpg,https://www.senato.it/leg/19/BGT/Schede/Attsen/00029425.htm,https://www.senato.it/leg/19/BGT/Schede/Attsen/00029425.htm,2025-08-27
1227,Antonio,Guidi,2022-10-13,19,elettivo,senatore,C,,Umbria,antonio.guidi@senato.it,,,,,https://www.senato.it/leg/19/Immagini/Senatori/00001227.jpg,https://www.senato.it/leg/19/BGT/Schede/Attsen/00001227.htm,https://www.senato.it/leg/19/BGT/Schede/Attsen/00001227.htm,2025-08-27
32644,Barbara,Guidolin,2022-10-13,19,elettivo,senatore,M5S,,Veneto,barbara.guidolin@senato.it,,,,,https://www.senato.it/leg/19/Immagini/Senatori/00032644.jpg,https://www.senato.it/leg/19/BGT/Schede/Attsen/00032644.htm,https://www.senato.it/leg/19/BGT/Schede/Attsen/00032644.htm,2025-08-27
32645,Antonio,Iannone,2022-10-13,19,elettivo,senatore,,3 (CAMPANIA - U03 (SALERNO),Campania,antonio.iannone@senato.it,,,,,https://www.senato.it/leg/19/Immagini/Senatori/00032645.jpg,https://www.senato.it/leg/19/BGT/Schede/Attsen/00032645.htm,https://www.senato.it/leg/19/BGT/Schede/Attsen/00032645.htm,2025-08-27
36401,Nicola,Irto,2022-10-13,19,elettivo,senatore,,,Calabria,nicola.irto@senato.it,,,,,https://www.senato.it/leg/19/Immagini/Senatori/00036401.jpg,https://www.senato.it/leg/19/BGT/Schede/Attsen/00036401.htm,https://www.senato.it/leg/19/BGT/Schede/Attsen/00036401.htm,2025-08-27
29447,Francesca,La Marca,2022-10-13,19,elettivo,senatore,PD-IDP,,,francesca.lamarca@senato.it,,,,,https://www.senato.it/leg/19/Immagini/Senatori/00029447.jpg,https://www.senato.it/leg/19/BGT/Schede/Attsen/00029447.htm,https://www.senato.it/leg/19/BGT/Schede/Attsen/00029447.htm,2025-08-27
32650,Patrizio Giacomo,La Pietra,2022-10-13,19,elettivo,senatore,F,3 (TOSCANA - U03 (PRATO),Toscana,patrizio.lapietra@senato.it,,,,,https://www.senato.it/leg/19/Immagini/Senatori/00032650.jpg,https://www.senato.it/leg/19/BGT/Schede/Attsen/00032650.htm,https://www.senato.it/leg/19/BGT/Schede/Attsen/00032650.htm,2025-08-27
1275,Ignazio,La Russa,2022-10-13,19,elettivo,senatore,F,5 (LOMBARDIA - U05 (COLOGNO MONZESE),Lombardia,ignazio.larussa@senato.it,,,,,https://www.senato.it/leg/19/Immagini/Senatori/00001275.jpg,https://www.senato.it/leg/19/BGT/Schede/Attsen/00001275.htm,https://www.senato.it/leg/19/BGT/Schede/Attsen/00001275.htm,2025-08-27
36402,Elena,Leonardi,2022-10-13,19,elettivo,senatore,F,1 (MARCHE - U01 (ASCOLI PICENO),Marche,elena.leonardi@senato.it,,,,,https://www.senato.it/leg/19/Immagini/Senatori/00036402.jpg,https://www.senato.it/leg/19/BGT/Schede/Attsen/00036402.htm,https://www.senato.it/leg/19/BGT/Schede/Attsen/00036402.htm,2025-08-27
32653,Ettore Antonio,Licheri,2022-10-13,19,elettivo,senatore,M5S,,Toscana,ettore.licheri@senato.it,,,,,https://www.senato.it/leg/19/Immagini/Senatori/00032653.jpg,https://www.senato.it/leg/19/BGT/Schede/Attsen/00032653.htm,https://www.senato.it/leg/19/BGT/Schede/Attsen/00032653.htm,2025-08-27
36434,Sabrina,Licheri,2022-10-13,19,elettivo,senatore,M5S,,Sardegna,sabrina.licheri@senato.it,,,,,https://www.senato.it/leg/19/Immagini/Senatori/00036434.jpg,https://www.senato.it/leg/19/BGT/Schede/Attsen/00036434.htm,https://www.senato.it/leg/19/BGT/Schede/Attsen/00036434.htm,2025-08-27
36403,Guido Quintino,Liris,2022-10-13,19,elettivo,senatore,F,1 (ABRUZZO - U01 (PESCARA),Abruzzo,guidoquintino.liris@senato.it,,,,,https://www.senato.it/leg/19/Immagini/Senatori/00036403.jpg,https://www.senato.it/leg/19/BGT/Schede/Attsen/00036403.htm,https://www.senato.it/leg/19/BGT/Schede/Attsen/00036403.htm,2025-08-27
36435,Marco,Lisei,2022-10-13,19,elettivo,senatore,F,,Emilia,marco.lisei@senato.it,,,,,https://www.senato.it/leg/19/Immagini/Senatori/00036435.jpg,https://www.senato.it/leg/19/BGT/Schede/Attsen/00036435.htm,https://www.senato.it/leg/19/BGT/Schede/Attsen/00036435.htm,2025-08-27
36436,Marco,Lombardo,2022-10-13,19,elettivo,senatore,M,,Lombardia,marco.lombardo@senato.it,,,,,https://www.senato.it/leg/19/Immagini/Senatori/00036436.jpg,https://www.senato.it/leg/19/BGT/Schede/Attsen/00036436.htm,https://www.senato.it/leg/19/BGT/Schede/Attsen/00036436.htm,2025-08-27
36404,Ada,Lopreiato,2022-10-13,19,elettivo,senatore,M5S,4 (CAMPANIA - U04 (NAPOLI: QUARTIERE 19 - FUORIGROTTA),Campania,ada.lopreiato@senato.it,,,,,https://www.senato.it/leg/19/Immagini/Senatori/00036404.jpg,https://www.senato.it/leg/19/BGT/Schede/Attsen/00036404.htm,https://www.senato.it/leg/19/BGT/Schede/Attsen/00036404.htm,2025-08-27
32655,Pietro,Lorefice,2022-10-13,19,elettivo,senatore,M5S,,Sicilia,segreteria.senlorefice@senato.it,,,,,https://www.senato.it/leg/19/Immagini/Senatori/00032655.jpg,https://www.senato.it/leg/19/BGT/Schede/Attsen/00032655.htm,https://www.senato.it/leg/19/BGT/Schede/Attsen/00032655.htm,2025-08-27
25474,Beatrice,Lorenzin,2022-10-13,19,elettivo,senatore,,,Veneto,beatrice.lorenzin@senato.it,,,,,https://www.senato.it/leg/19/Immagini/Senatori/00025474.jpg,https://www.senato.it/leg/19/BGT/Schede/Attsen/00025474.htm,https://www.senato.it/leg/19/BGT/Schede/Attsen/00025474.htm,2025-08-27
18055,Alberto,Losacco,2022-10-13,19,elettivo,senatore,PD-IDP,,Marche,alberto.losacco@senato.it,,,,,https://www.senato.it/leg/19/Immagini/Senatori/00018055.jpg,https://www.senato.it/leg/19/BGT/Schede/Attsen/00018055.htm,https://www.senato.it/leg/19/BGT/Schede/Attsen/00018055.htm,2025-08-27
36405,Claudio,Lotito,2022-10-13,19,elettivo,senatore,FI-BP-PPE,1 (MOLISE - U01 (CAMPOBASSO),Molise,claudio.lotito@senato.it,,,,,https://www.senato.it/leg/19/Immagini/Senatori/00036405.jpg,https://www.senato.it/leg/19/BGT/Schede/Attsen/00036405.htm,https://www.senato.it/leg/19/BGT/Schede/Attsen/00036405.htm,2025-08-27
33946,Gianpietro,Maffoni,2022-10-13,19,elettivo,senatore,F,,Lombardia,gianpietro.maffoni@senato.it,,,,,https://www.senato.it/leg/19/Immagini/Senatori/00033946.jpg,https://www.senato.it/leg/19/BGT/Schede/Attsen/00033946.htm,https://www.senato.it/leg/19/BGT/Schede/Attsen/00033946.htm,2025-08-27
36437,Tino,Magni,2022-10-13,19,elettivo,senatore,,,Lombardia,celestino.magni@senato.it,,,,,https://www.senato.it/leg/19/Immagini/Senatori/00036437.jpg,https://www.senato.it/leg/19/BGT/Schede/Attsen/00036437.htm,https://www.senato.it/leg/19/BGT/Schede/Attsen/00036437.htm,2025-08-27
32658,Alessandra,Maiorino,2022-10-13,19,elettivo,senatore,,,Lazio,alessandra.maiorino@senato.it,,,,,https://www.senato.it/leg/19/Immagini/Senatori/00032658.jpg,https://www.senato.it/leg/19/BGT/Schede/Attsen/00032658.htm,https://www.senato.it/leg/19/BGT/Schede/Attsen/00032658.htm,2025-08-27
1407,Lucio,Malan,2022-10-13,19,elettivo,senatore,,,Piemonte,lucio.malan@senato.it,,,,,https://www.senato.it/leg/19/Immagini/Senatori/00001407.jpg,https://www.senato.it/leg/19/BGT/Schede/Attsen/00001407.htm,https://www.senato.it/leg/19/BGT/Schede/Attsen/00001407.htm,2025-08-27
29467,Simona Flavia,Malpezzi,2022-10-13,19,elettivo,senatore,PD-IDP,,Lombardia,simona.malpezzi@senato.it,,,,,https://www.senato.it/leg/19/Immagini/Senatori/00029467.jpg,https://www.senato.it/leg/19/BGT/Schede/Attsen/00029467.htm,https://www.senato.it/leg/19/BGT/Schede/Attsen/00029467.htm,2025-08-27
32660,Daniele,Manca,2022-10-13,19,elettivo,senatore,PD-IDP,,Emilia,daniele.manca@senato.it,,,,,https://www.senato.it/leg/19/Immagini/Senatori/00032660.jpg,https://www.senato.it/leg/19/BGT/Schede/Attsen/00032660.htm,https://www.senato.it/leg/19/BGT/Schede/Attsen/00032660.htm,2025-08-27
36438,Paola,Mancini,2022-10-13,19,elettivo,senatore,F,,Lombardia,paola.mancini@senato.it,,,,,https://www.senato.it/leg/19/Immagini/Senatori/00036438.jpg,https://www.senato.it/leg/19/BGT/Schede/Attsen/00036438.htm,https://www.senato.it/leg/19/BGT/Schede/Attsen/00036438.htm,2025-08-27
36439,Paolo,Marcheschi,2022-10-13,19,elettivo,senatore,F,,Toscana,paolo.marcheschi@senato.it,,,,,https://www.senato.it/leg/19/Immagini/Senatori/00036439.jpg,https://www.senato.it/leg/19/BGT/Schede/Attsen/00036439.htm,https://www.senato.it/leg/19/BGT/Schede/Attsen/00036439.htm,2025-08-27
17924,Andrea,Martella,2022-10-13,19,elettivo,senatore,PD-IDP,,Veneto,andrea.martella@senato.it,,,,,https://www.senato.it/leg/19/Immagini/Senatori/00017924.jpg,https://www.senato.it/leg/19/BGT/Schede/Attsen/00017924.htm,https://www.senato.it/leg/19/BGT/Schede/Attsen/00017924.htm,2025-08-27
29480,Roberto,Marti,2022-10-13,19,elettivo,senatore,LSP-PS,5 (PUGLIA - U05 (LECCE),Puglia,roberto.marti@senato.it,,,,,https://www.senato.it/leg/19/Immagini/Senatori/00029480.jpg,https://www.senato.it/leg/19/BGT/Schede/Attsen/00029480.htm,https://www.senato.it/leg/19/BGT/Schede/Attsen/00029480.htm,2025-08-27
29132,Bruno,Marton,2022-10-13,19,elettivo,senatore,M5S,,Lombardia,bruno.marton@senato.it,,,,,https://www.senato.it/leg/19/Immagini/Senatori/00029132.jpg,https://www.senato.it/leg/19/BGT/Schede/Attsen/00029132.htm,https://www.senato.it/leg/19/BGT/Schede/Attsen/00029132.htm,2025-08-27
36440,Domenico,Matera,2022-10-13,19,elettivo,senatore,F,,Campania,domenico.matera@senato.it,,,,,https://www.senato.it/leg/19/Immagini/Senatori/00036440.jpg,https://www.senato.it/leg/19/BGT/Schede/Attsen/00036440.htm,https://www.senato.it/leg/19/BGT/Schede/Attsen/00036440.htm,2025-08-27
36406,Orfeo,Mazzella,2022-10-13,19,elettivo,senatore,M5S,6 (CAMPANIA - U06 (TORRE DEL GRECO),Campania,orfeo.mazzella@senato.it,,,,,https://www.senato.it/leg/19/Immagini/Senatori/00036406.jpg,https://www.senato.it/leg/19/BGT/Schede/Attsen/00036406.htm,https://www.senato.it/leg/19/BGT/Schede/Attsen/00036406.htm,2025-08-27
36407,Filippo,Melchiorre,2022-10-13,19,elettivo,senatore,F,3 (PUGLIA - U03 (BARI),Puglia,filippo.melchiorre@senato.it,,,,,https://www.senato.it/leg/19/Immagini/Senatori/00036407.jpg,https://www.senato.it/leg/19/BGT/Schede/Attsen/00036407.htm,https://www.senato.it/leg/19/BGT/Schede/Attsen/00036407.htm,2025-08-27
29490,Marco,Meloni,2022-10-13,19,elettivo,senatore,PD-IDP,,Sardegna,marco.meloni@senato.it,,,,,https://www.senato.it/leg/19/Immagini/Senatori/00029490.jpg,https://www.senato.it/leg/19/BGT/Schede/Attsen/00029490.htm,https://www.senato.it/leg/19/BGT/Schede/Attsen/00029490.htm,2025-08-27
1558,Roberto,Menia,2022-10-13,19,elettivo,senatore,F,,Liguria,roberto.menia@senato.it,,,,,https://www.senato.it/leg/19/Immagini/Senatori/00001558.jpg,https://www.senato.it/leg/19/BGT/Schede/Attsen/00001558.htm,https://www.senato.it/leg/19/BGT/Schede/Attsen/00001558.htm,2025-08-27
34558,Lavinia,Mennuni,2022-10-13,19,elettivo,senatore,F,2 (LAZIO - U02 (ROMA: MUNICIPIO XIV),Lazio,lavinia.mennuni@senato.it,,,,,https://www.senato.it/leg/19/Immagini/Senatori/00034558.jpg,https://www.senato.it/leg/19/BGT/Schede/Attsen/00034558.htm,https://www.senato.it/leg/19/BGT/Schede/Attsen/00034558.htm,2025-08-27
36408,Ester,Mieli,2022-10-13,19,elettivo,senatore,F,4 (LAZIO - U04 (ROMA: MUNICIPIO VII),Lazio,ester.mieli@senato.it,,,,,https://www.senato.it/leg/19/Immagini/Senatori/00036408.jpg,https://www.senato.it/leg/19/BGT/Schede/Attsen/00036408.htm,https://www.senato.it/leg/19/BGT/Schede/Attsen/00036408.htm,2025-08-27
36013,Tilde,Minasi,2022-10-13,19,elettivo,senatore,LSP-PS,2 (CALABRIA - U02 (REGGIO DI CALABRIA),Calabria,clotilde.minasi@senato.it,,,,,https://www.senato.it/leg/19/Immagini/Senatori/00036013.jpg,https://www.senato.it/leg/19/BGT/Schede/Attsen/00036013.htm,https://www.senato.it/leg/19/BGT/Schede/Attsen/00036013.htm,2025-08-27
29138,Franco,Mirabelli,2022-10-13,19,elettivo,senatore,,,Lombardia,franco.mirabelli@senato.it,,,,,https://www.senato.it/leg/19/Immagini/Senatori/00029138.jpg,https://www.senato.it/leg/19/BGT/Schede/Attsen/00029138.htm,https://www.senato.it/leg/19/BGT/Schede/Attsen/00029138.htm,2025-08-27
23011,Antonio,Misiani,2022-10-13,19,elettivo,senatore,PD-IDP,3 (LOMBARDIA - U03 (MILANO: NIL 21 - BUENOS AIRES - VENEZIA),Lombardia,antonio.misiani@senato.it,,,,,https://www.senato.it/leg/19/Immagini/Senatori/00023011.jpg,https://www.senato.it/leg/19/BGT/Schede/Attsen/00023011.htm,https://www.senato.it/leg/19/BGT/Schede/Attsen/00023011.htm,2025-08-27
28543,Mario,Monti,2022-10-13,19,"a vita, di nomina del Presidente della Repubblica",senatore,M,,,mario.monti@senato.it,,,,,https://www.senato.it/leg/19/Immagini/Senatori/00028543.jpg,https://www.senato.it/leg/19/BGT/Schede/Attsen/00028543.htm,https://www.senato.it/leg/19/BGT/Schede/Attsen/00028543.htm,2025-08-27
32988,Alessandro,Morelli,2022-10-13,19,elettivo,senatore,LSP-PS,,Lombardia,alessandro.morelli@senato.it,,,,,https://www.senato.it/leg/19/Immagini/Senatori/00032988.jpg,https://www.senato.it/leg/19/BGT/Schede/Attsen/00032988.htm,https://www.senato.it/leg/19/BGT/Schede/Attsen/00032988.htm,2025-08-27
33110,Elena,Murelli,2022-10-13,19,elettivo,senatore,LSP-PS,1 (EMILIA-ROMAGNA - U01 (PARMA),Emilia,elena.murelli@senato.it,,,,,https://www.senato.it/leg/19/Immagini/Senatori/00033110.jpg,https://www.senato.it/leg/19/BGT/Schede/Attsen/00033110.htm,https://www.senato.it/leg/19/BGT/Schede/Attsen/00033110.htm,2025-08-27
36409,Dafne,Musolino,2022-10-13,19,elettivo,senatore,,6 (SICILIA - U06 (MESSINA),Sicilia,dafne.musolino@senato.it,,,,,https://www.senato.it/leg/19/Immagini/Senatori/00036409.jpg,https://www.senato.it/leg/19/BGT/Schede/Attsen/00036409.htm,https://www.senato.it/leg/19/BGT/Schede/Attsen/00036409.htm,2025-08-27
28306,Nello,Musumeci,2022-10-13,19,elettivo,senatore,F,4 (SICILIA - U04 (CATANIA),Sicilia,nello.musumeci@senato.it,,,,,https://www.senato.it/leg/19/Immagini/Senatori/00028306.jpg,https://www.senato.it/leg/19/BGT/Schede/Attsen/00028306.htm,https://www.senato.it/leg/19/BGT/Schede/Attsen/00028306.htm,2025-08-27
25446,Gaetano,Nastri,2022-10-13,19,elettivo,senatore,F,3 (PIEMONTE - U03 (NOVARA),Piemonte,gaetano.nastri@senato.it,,,,,https://www.senato.it/leg/19/Immagini/Senatori/00025446.jpg,https://www.senato.it/leg/19/BGT/Schede/Attsen/00025446.htm,https://www.senato.it/leg/19/BGT/Schede/Attsen/00025446.htm,2025-08-27
32673,Gisella,Naturale,2022-10-13,19,elettivo,senatore,M5S,,Puglia,gisella.naturale@senato.it,,,,,https://www.senato.it/leg/19/Immagini/Senatori/00032673.jpg,https://www.senato.it/leg/19/BGT/Schede/Attsen/00032673.htm,https://www.senato.it/leg/19/BGT/Schede/Attsen/00032673.htm,2025-08-27
36410,Luigi,Nave,2022-10-13,19,elettivo,senatore,,,Campania,luigi.nave@senato.it,,,,,https://www.senato.it/leg/19/Immagini/Senatori/00036410.jpg,https://www.senato.it/leg/19/BGT/Schede/Attsen/00036410.htm,https://www.senato.it/leg/19/BGT/Schede/Attsen/00036410.htm,2025-08-27
36411,Antonio,Nicita,2022-10-13,19,elettivo,senatore,,,Sicilia,antonio.nicita@senato.it,,,,,https://www.senato.it/leg/19/Immagini/Senatori/00036411.jpg,https://www.senato.it/leg/19/BGT/Schede/Attsen/00036411.htm,https://www.senato.it/leg/19/BGT/Schede/Attsen/00036411.htm,2025-08-27
36412,Vita Maria,Nocco,2022-10-13,19,elettivo,senatore,F,4 (PUGLIA - U04 (TARANTO),Puglia,vitamaria.nocco@senato.it,,,,,https://www.senato.it/leg/19/Immagini/Senatori/00036412.jpg,https://www.senato.it/leg/19/BGT/Schede/Attsen/00036412.htm,https://www.senato.it/leg/19/BGT/Schede/Attsen/00036412.htm,2025-08-27
36413,Mario,Occhiuto,2022-10-13,19,elettivo,senatore,FI-BP-PPE,,Calabria,mario.occhiuto@senato.it,,,,,https://www.senato.it/leg/19/Immagini/Senatori/00036413.jpg,https://www.senato.it/leg/19/BGT/Schede/Attsen/00036413.htm,https://www.senato.it/leg/19/BGT/Schede/Attsen/00036413.htm,2025-08-27
36414,Fausto,Orsomarso,2022-10-13,19,elettivo,senatore,F,,Calabria,fausto.orsomarso@senato.it,,,,,https://www.senato.it/leg/19/Immagini/Senatori/00036414.jpg,https://www.senato.it/leg/19/BGT/Schede/Attsen/00036414.htm,https://www.senato.it/leg/19/BGT/Schede/Attsen/00036414.htm,2025-08-27
32677,Andrea,Ostellari,2022-10-13,19,elettivo,senatore,LSP-PS,,Veneto,andrea.ostellari@senato.it,,,,,https://www.senato.it/leg/19/Immagini/Senatori/00032677.jpg,https://www.senato.it/leg/19/BGT/Schede/Attsen/00032677.htm,https://www.senato.it/leg/19/BGT/Schede/Attsen/00032677.htm,2025-08-27
34243,Andrea,Paganella,2022-10-13,19,elettivo,senatore,LSP-PS,,Lazio,andrea.paganella@senato.it,,,,,https://www.senato.it/leg/19/Immagini/Senatori/00034243.jpg,https://www.senato.it/leg/19/BGT/Schede/Attsen/00034243.htm,https://www.senato.it/leg/19/BGT/Schede/Attsen/00034243.htm,2025-08-27
33005,Raffaella,Paita,2022-10-13,19,elettivo,senatore,,,Lazio,raffaella.paita@senato.it,,,,,https://www.senato.it/leg/19/Immagini/Senatori/00033005.jpg,https://www.senato.it/leg/19/BGT/Schede/Attsen/00033005.htm,https://www.senato.it/leg/19/BGT/Schede/Attsen/00033005.htm,2025-08-27
4512,Adriano,Paroli,2022-10-13,19,elettivo,senatore,,,Lombardia,adriano.paroli@senato.it,,,,,https://www.senato.it/leg/19/Immagini/Senatori/00004512.jpg,https://www.senato.it/leg/19/BGT/Schede/Attsen/00004512.htm,https://www.senato.it/leg/19/BGT/Schede/Attsen/00004512.htm,2025-08-27
29521,Dario,Parrini,2022-10-13,19,elettivo,senatore,PD-IDP,,Toscana,,,,,,https://www.senato.it/leg/19/Immagini/Senatori/00029521.jpg,https://www.senato.it/leg/19/BGT/Schede/Attsen/00029521.htm,https://www.senato.it/leg/19/BGT/Schede/Attsen/00029521.htm,2025-08-27
36415,Pietro,Patton,2022-10-13,19,elettivo,senatore,,1 (TRENTINO-ALTO ADIGE/SÜDTIROL - U01 (TRENTO),Trentino,pietro.patton@senato.it,,,,,https://www.senato.it/leg/19/Immagini/Senatori/00036415.jpg,https://www.senato.it/leg/19/BGT/Schede/Attsen/00036415.htm,https://www.senato.it/leg/19/BGT/Schede/Attsen/00036415.htm,2025-08-27
32681,Stefano,Patuanelli,2022-10-13,19,elettivo,senatore,,,Lazio,stefano.patuanelli@senato.it,,,,,https://www.senato.it/leg/19/Immagini/Senatori/00032681.jpg,https://www.senato.it/leg/19/BGT/Schede/Attsen/00032681.htm,https://www.senato.it/leg/19/BGT/Schede/Attsen/00032681.htm,2025-08-27
35489,Cinzia,Pellegrino,2023-05-09,19,elettivo,senatore,F,,Lazio,cinzia.pellegrino@senato.it,,,,,https://www.senato.it/leg/19/Immagini/Senatori/00035489.jpg,https://www.senato.it/leg/19/BGT/Schede/Attsen/00035489.htm,https://www.senato.it/leg/19/BGT/Schede/Attsen/00035489.htm,2025-08-27
3900,Marcello,Pera,2022-10-13,19,elettivo,senatore,F,2 (SARDEGNA - U02 (SASSARI),Sardegna,marcello.pera@senato.it,,,,,https://www.senato.it/leg/19/Immagini/Senatori/00003900.jpg,https://www.senato.it/leg/19/BGT/Schede/Attsen/00003900.htm,https://www.senato.it/leg/19/BGT/Schede/Attsen/00003900.htm,2025-08-27
25429,Giovanna,Petrenga,2022-10-13,19,elettivo,senatore,,1 (CAMPANIA - U01 (CASERTA),Campania,giovanna.petrenga@senato.it,,,,,https://www.senato.it/leg/19/Immagini/Senatori/00025429.jpg,https://www.senato.it/leg/19/BGT/Schede/Attsen/00025429.htm,https://www.senato.it/leg/19/BGT/Schede/Attsen/00025429.htm,2025-08-27
36416,Simona,Petrucci,2022-10-13,19,elettivo,senatore,F,1 (TOSCANA - U01 (AREZZO),Toscana,simona.petrucci@senato.it,,,,,https://www.senato.it/leg/19/Immagini/Senatori/00036416.jpg,https://www.senato.it/leg/19/BGT/Schede/Attsen/00036416.htm,https://www.senato.it/leg/19/BGT/Schede/Attsen/00036416.htm,2025-08-27
30512,Renzo,Piano,2022-10-13,19,"a vita, di nomina del Presidente della Repubblica",senatore,M,,,renzo.piano@senato.it,,,,,https://www.senato.it/leg/19/Immagini/Senatori/00030512.jpg,https://www.senato.it/leg/19/BGT/Schede/Attsen/00030512.htm,https://www.senato.it/leg/19/BGT/Schede/Attsen/00030512.htm,2025-08-27
36417,Luca,Pirondini,2022-10-13,19,elettivo,senatore,M5S,,Liguria,luca.pirondini@senato.it,,,,,https://www.senato.it/leg/19/Immagini/Senatori/00036417.jpg,https://www.senato.it/leg/19/BGT/Schede/Attsen/00036417.htm,https://www.senato.it/leg/19/BGT/Schede/Attsen/00036417.htm,2025-08-27
18562,Daisy,Pirovano,2022-10-13,19,elettivo,senatore,LSP-PS,7 (LOMBARDIA - U07 (BERGAMO),Lombardia,daisy.pirovano@senato.it,,,,,https://www.senato.it/leg/19/Immagini/Senatori/00018562.jpg,https://www.senato.it/leg/19/BGT/Schede/Attsen/00018562.htm,https://www.senato.it/leg/19/BGT/Schede/Attsen/00018562.htm,2025-08-27
32691,Elisa,Pirro,2022-10-13,19,elettivo,senatore,,,Piemonte,elisa.pirro@senato.it,,,,,https://www.senato.it/leg/19/Immagini/Senatori/00032691.jpg,https://www.senato.it/leg/19/BGT/Schede/Attsen/00032691.htm,https://www.senato.it/leg/19/BGT/Schede/Attsen/00032691.htm,2025-08-27
36441,Salvo,Pogliese,2022-10-13,19,elettivo,senatore,F,,Sicilia,salvatoredomenico.pogliese@senato.it,,,,,https://www.senato.it/leg/19/Immagini/Senatori/00036441.jpg,https://www.senato.it/leg/19/BGT/Schede/Attsen/00036441.htm,https://www.senato.it/leg/19/BGT/Schede/Attsen/00036441.htm,2025-08-27
33022,Manfredi,Potenti,2022-10-13,19,elettivo,senatore,LSP-PS,2 (TOSCANA - U02 (LIVORNO),Toscana,manfredi.potenti@senato.it,,,,,https://www.senato.it/leg/19/Immagini/Senatori/00033022.jpg,https://www.senato.it/leg/19/BGT/Schede/Attsen/00033022.htm,https://www.senato.it/leg/19/BGT/Schede/Attsen/00033022.htm,2025-08-27
32697,Stefania,Pucciarelli,2022-10-13,19,elettivo,senatore,LSP-PS,2 (LIGURIA - U02 (LA SPEZIA),Liguria,stefania.pucciarelli@senato.it,,,,,https://www.senato.it/leg/19/Immagini/Senatori/00032697.jpg,https://www.senato.it/leg/19/BGT/Schede/Attsen/00032697.htm,https://www.senato.it/leg/19/BGT/Schede/Attsen/00032697.htm,2025-08-27
36418,Vincenza,Rando,2022-10-13,19,elettivo,senatore,PD-IDP,2 (EMILIA-ROMAGNA - U02 (MODENA),Emilia,vincenza.rando@senato.it,,,,,https://www.senato.it/leg/19/Immagini/Senatori/00036418.jpg,https://www.senato.it/leg/19/BGT/Schede/Attsen/00036418.htm,https://www.senato.it/leg/19/BGT/Schede/Attsen/00036418.htm,2025-08-27
36419,Ernesto,Rapani,2022-10-13,19,elettivo,senatore,F,1 (CALABRIA - U01 (CORIGLIANO-ROSSANO),Calabria,ernesto.rapani@senato.it,,,,,https://www.senato.it/leg/19/Immagini/Senatori/00036419.jpg,https://www.senato.it/leg/19/BGT/Schede/Attsen/00036419.htm,https://www.senato.it/leg/19/BGT/Schede/Attsen/00036419.htm,2025-08-27
36442,Sergio,Rastrelli,2022-10-13,19,elettivo,senatore,F,,Campania,sergio.rastrelli@senato.it,,,,,https://www.senato.it/leg/19/Immagini/Senatori/00036442.jpg,https://www.senato.it/leg/19/BGT/Schede/Attsen/00036442.htm,https://www.senato.it/leg/19/BGT/Schede/Attsen/00036442.htm,2025-08-27
32699,Isabella,Rauti,2022-10-13,19,elettivo,senatore,F,4 (LOMBARDIA - U04 (SESTO SAN GIOVANNI),Lombardia,isabella.rauti@senato.it,,,,,https://www.senato.it/leg/19/Immagini/Senatori/00032699.jpg,https://www.senato.it/leg/19/BGT/Schede/Attsen/00032699.htm,https://www.senato.it/leg/19/BGT/Schede/Attsen/00032699.htm,2025-08-27
30742,Matteo,Renzi,2022-10-13,19,elettivo,senatore,IV-C-RE,,Campania,matteo.renzi@senato.it,,,,,https://www.senato.it/leg/19/Immagini/Senatori/00030742.jpg,https://www.senato.it/leg/19/BGT/Schede/Attsen/00030742.htm,https://www.senato.it/leg/19/BGT/Schede/Attsen/00030742.htm,2025-08-27
32703,Tatjana,Rojc,2022-10-13,19,elettivo,senatore,PD-IDP,,Friuli,tatjana.rojc@senato.it,,,,,https://www.senato.it/leg/19/Immagini/Senatori/00032703.jpg,https://www.senato.it/leg/19/BGT/Schede/Attsen/00032703.htm,https://www.senato.it/leg/19/BGT/Schede/Attsen/00032703.htm,2025-08-27
32706,Massimiliano,Romeo,2022-10-13,19,elettivo,senatore,,1 (LOMBARDIA - U01 (VARESE),Lombardia,massimiliano.romeo@senato.it,,,,,https://www.senato.it/leg/19/Immagini/Senatori/00032706.jpg,https://www.senato.it/leg/19/BGT/Schede/Attsen/00032706.htm,https://www.senato.it/leg/19/BGT/Schede/Attsen/00032706.htm,2025-08-27
32707,Licia,Ronzulli,2022-10-13,19,elettivo,senatore,FI-BP-PPE,2 (LOMBARDIA - U02 (COMO),Lombardia,licia.ronzulli@senato.it,,,,,https://www.senato.it/leg/19/Immagini/Senatori/00032707.jpg,https://www.senato.it/leg/19/BGT/Schede/Attsen/00032707.htm,https://www.senato.it/leg/19/BGT/Schede/Attsen/00032707.htm,2025-08-27
36420,Gianni,Rosa,2022-10-13,19,elettivo,senatore,F,,Basilicata,gianni.rosa@senato.it,,,,,https://www.senato.it/leg/19/Immagini/Senatori/00036420.jpg,https://www.senato.it/leg/19/BGT/Schede/Attsen/00036420.htm,https://www.senato.it/leg/19/BGT/Schede/Attsen/00036420.htm,2025-08-27
32779,Roberto,Rosso,2022-10-13,19,elettivo,senatore,,,Piemonte,roberto.rosso@senato.it,,,,,https://www.senato.it/leg/19/Immagini/Senatori/00032779.jpg,https://www.senato.it/leg/19/BGT/Schede/Attsen/00032779.htm,https://www.senato.it/leg/19/BGT/Schede/Attsen/00032779.htm,2025-08-27
25411,Anna,Rossomando,2022-10-13,19,elettivo,senatore,PD-IDP,,Piemonte,anna.rossomando@senato.it,,,,,https://www.senato.it/leg/19/Immagini/Senatori/00025411.jpg,https://www.senato.it/leg/19/BGT/Schede/Attsen/00025411.htm,https://www.senato.it/leg/19/BGT/Schede/Attsen/00025411.htm,2025-08-27
30510,Carlo,Rubbia,2022-10-13,19,"a vita, di nomina del Presidente della Repubblica",senatore,A,,,carlo.rubbia@senato.it,,,,,https://www.senato.it/leg/19/Immagini/Senatori/00030510.jpg,https://www.senato.it/leg/19/BGT/Schede/Attsen/00030510.htm,https://www.senato.it/leg/19/BGT/Schede/Attsen/00030510.htm,2025-08-27
36421,Raoul,Russo,2022-10-13,19,elettivo,senatore,F,2 (SICILIA - U02 (MARSALA),Sicilia,raoul.russo@senato.it,,,,,https://www.senato.it/leg/19/Immagini/Senatori/00036421.jpg,https://www.senato.it/leg/19/BGT/Schede/Attsen/00036421.htm,https://www.senato.it/leg/19/BGT/Schede/Attsen/00036421.htm,2025-08-27
36422,Salvatore,Sallemi,2022-10-13,19,elettivo,senatore,,5 (SICILIA - U05 (SIRACUSA),Sicilia,salvatore.sallemi@senato.it,,,,,https://www.senato.it/leg/19/Immagini/Senatori/00036422.jpg,https://www.senato.it/leg/19/BGT/Schede/Attsen/00036422.htm,https://www.senato.it/leg/19/BGT/Schede/Attsen/00036422.htm,2025-08-27
25407,Matteo,Salvini,2022-10-13,19,elettivo,senatore,LSP-PS,,Puglia,matteo.salvini@senato.it,,,,,https://www.senato.it/leg/19/Immagini/Senatori/00025407.jpg,https://www.senato.it/leg/19/BGT/Schede/Attsen/00025407.htm,https://www.senato.it/leg/19/BGT/Schede/Attsen/00025407.htm,2025-08-27
36443,Giorgio,Salvitti,2022-10-13,19,elettivo,senatore,,,Piemonte,giorgio.salvitti@senato.it,,,,,https://www.senato.it/leg/19/Immagini/Senatori/00036443.jpg,https://www.senato.it/leg/19/BGT/Schede/Attsen/00036443.htm,https://www.senato.it/leg/19/BGT/Schede/Attsen/00036443.htm,2025-08-27
36444,Giovanni,Satta,2022-10-13,19,elettivo,senatore,F,,Sardegna,giovanni.satta@senato.it,,,,,https://www.senato.it/leg/19/Immagini/Senatori/00036444.jpg,https://www.senato.it/leg/19/BGT/Schede/Attsen/00036444.htm,https://www.senato.it/leg/19/BGT/Schede/Attsen/00036444.htm,2025-08-27
25402,Daniela,Sbrollini,2022-10-13,19,elettivo,senatore,IV-C-RE,,Veneto,daniela.sbrollini@senato.it,,,,,https://www.senato.it/leg/19/Immagini/Senatori/00025402.jpg,https://www.senato.it/leg/19/BGT/Schede/Attsen/00025402.htm,https://www.senato.it/leg/19/BGT/Schede/Attsen/00025402.htm,2025-08-27
29573,Ivan,Scalfarotto,2022-10-13,19,elettivo,senatore,,,Piemonte,ivan.scalfarotto@senato.it,,,,,https://www.senato.it/leg/19/Immagini/Senatori/00029573.jpg,https://www.senato.it/leg/19/BGT/Schede/Attsen/00029573.htm,https://www.senato.it/leg/19/BGT/Schede/Attsen/00029573.htm,2025-08-27
36423,Roberto Maria Ferdinando,Scarpinato,2022-10-13,19,elettivo,senatore,M5S,,Calabria,,,,,,https://www.senato.it/leg/19/Immagini/Senatori/00036423.jpg,https://www.senato.it/leg/19/BGT/Schede/Attsen/00036423.htm,https://www.senato.it/leg/19/BGT/Schede/Attsen/00036423.htm,2025-08-27
33863,Marco,Scurria,2022-10-13,19,elettivo,senatore,,,Lazio,marco.scurria@senato.it,,,,,https://www.senato.it/leg/19/Immagini/Senatori/00033863.jpg,https://www.senato.it/leg/19/BGT/Schede/Attsen/00033863.htm,https://www.senato.it/leg/19/BGT/Schede/Attsen/00033863.htm,2025-08-27
32435,Liliana,Segre,2022-10-13,19,"a vita, di nomina del Presidente della Repubblica",senatore,M,,,liliana.segre@senato.it,,,,,https://www.senato.it/leg/19/Immagini/Senatori/00032435.jpg,https://www.senato.it/leg/19/BGT/Schede/Attsen/00032435.htm,https://www.senato.it/leg/19/BGT/Schede/Attsen/00032435.htm,2025-08-27
27622,Filippo,Sensi,2023-03-21,19,elettivo,senatore,PD-IDP,,Lazio,filippo.sensi@senato.it,,,,,https://www.senato.it/leg/19/Immagini/Senatori/00027622.jpg,https://www.senato.it/leg/19/BGT/Schede/Attsen/00027622.htm,https://www.senato.it/leg/19/BGT/Schede/Attsen/00027622.htm,2025-08-27
36424,Etelwardo,Sigismondi,2022-10-13,19,elettivo,senatore,F,,Abruzzo,etelwardo.sigismondi@senato.it,,,,,https://www.senato.it/leg/19/Immagini/Senatori/00036424.jpg,https://www.senato.it/leg/19/BGT/Schede/Attsen/00036424.htm,https://www.senato.it/leg/19/BGT/Schede/Attsen/00036424.htm,2025-08-27
36445,Francesco,Silvestro,2022-10-13,19,elettivo,senatore,FI-BP-PPE,,Campania,francesco.silvestro@senato.it,,,,,https://www.senato.it/leg/19/Immagini/Senatori/00036445.jpg,https://www.senato.it/leg/19/BGT/Schede/Attsen/00036445.htm,https://www.senato.it/leg/19/BGT/Schede/Attsen/00036445.htm,2025-08-27
33137,Marco,Silvestroni,2022-10-13,19,elettivo,senatore,F,5 (LAZIO - U05 (GUIDONIA MONTECELIO),Lazio,marco.silvestroni@senato.it,,,,,https://www.senato.it/leg/19/Immagini/Senatori/00033137.jpg,https://www.senato.it/leg/19/BGT/Schede/Attsen/00033137.htm,https://www.senato.it/leg/19/BGT/Schede/Attsen/00033137.htm,2025-08-27
36425,Elena,Sironi,2022-10-13,19,elettivo,senatore,M5S,,Lombardia,elena.sironi@senato.it,,,,,https://www.senato.it/leg/19/Immagini/Senatori/00036425.jpg,https://www.senato.it/leg/19/BGT/Schede/Attsen/00036425.htm,https://www.senato.it/leg/19/BGT/Schede/Attsen/00036425.htm,2025-08-27
36446,Sandro,Sisler,2022-10-13,19,elettivo,senatore,F,,Lombardia,sandro.sisler@senato.it,,,,,https://www.senato.it/leg/19/Immagini/Senatori/00036446.jpg,https://www.senato.it/leg/19/BGT/Schede/Attsen/00036446.htm,https://www.senato.it/leg/19/BGT/Schede/Attsen/00036446.htm,2025-08-27
22263,Francesco Paolo,Sisto,2022-10-13,19,elettivo,senatore,FI-BP-PPE,2 (PUGLIA - U02 (ANDRIA),Puglia,francescopaolo.sisto@senato.it,,,,,https://www.senato.it/leg/19/Immagini/Senatori/00022263.jpg,https://www.senato.it/leg/19/BGT/Schede/Attsen/00022263.htm,https://www.senato.it/leg/19/BGT/Schede/Attsen/00022263.htm,2025-08-27
36426,Luigi,Spagnolli,2022-10-13,19,elettivo,senatore,,4 (TRENTINO-ALTO ADIGE/SÜDTIROL - U04 (BOLZANO/BOZEN),Trentino,luigi.spagnolli@senato.it,,,,,https://www.senato.it/leg/19/Immagini/Senatori/00036426.jpg,https://www.senato.it/leg/19/BGT/Schede/Attsen/00036426.htm,https://www.senato.it/leg/19/BGT/Schede/Attsen/00036426.htm,2025-08-27
36427,Nicoletta,Spelgatti,2022-10-13,19,elettivo,senatore,LSP-PS,1 (VALLE D'AOSTA - U01 (AOSTA),Valle D'Aosta,nicoletta.spelgatti@senato.it,,,,,https://www.senato.it/leg/19/Immagini/Senatori/00036427.jpg,https://www.senato.it/leg/19/BGT/Schede/Attsen/00036427.htm,https://www.senato.it/leg/19/BGT/Schede/Attsen/00036427.htm,2025-08-27
36428,Raffaele,Speranzon,2022-10-13,19,elettivo,senatore,,1 (VENETO - U01 (VENEZIA),Veneto,raffaele.speranzon@senato.it,,,,,https://www.senato.it/leg/19/Immagini/Senatori/00036428.jpg,https://www.senato.it/leg/19/BGT/Schede/Attsen/00036428.htm,https://www.senato.it/leg/19/BGT/Schede/Attsen/00036428.htm,2025-08-27
36447,Domenica,Spinelli,2022-10-13,19,elettivo,senatore,F,,Emilia,domenica.spinelli@senato.it,,,,,https://www.senato.it/leg/19/Immagini/Senatori/00036447.jpg,https://www.senato.it/leg/19/BGT/Schede/Attsen/00036447.htm,https://www.senato.it/leg/19/BGT/Schede/Attsen/00036447.htm,2025-08-27
29185,Erika,Stefani,2022-10-13,19,elettivo,senatore,LSP-PS,,Veneto,erika.stefani@senato.it,,,,,https://www.senato.it/leg/19/Immagini/Senatori/00029185.jpg,https://www.senato.it/leg/19/BGT/Schede/Attsen/00029185.htm,https://www.senato.it/leg/19/BGT/Schede/Attsen/00029185.htm,2025-08-27
37739,Cristina,Tajani,2023-05-31,19,elettivo,senatore,PD-IDP,,Lombardia,cristina.tajani@senato.it,,,,,https://www.senato.it/leg/19/Immagini/Senatori/00037739.jpg,https://www.senato.it/leg/19/BGT/Schede/Attsen/00037739.htm,https://www.senato.it/leg/19/BGT/Schede/Attsen/00037739.htm,2025-08-27
37415,Daniela,Ternullo,2023-01-18,19,elettivo,senatore,FI-BP-PPE,,Sicilia,daniela.ternullo@senato.it,,,,,https://www.senato.it/leg/19/Immagini/Senatori/00037415.jpg,https://www.senato.it/leg/19/BGT/Schede/Attsen/00037415.htm,https://www.senato.it/leg/19/BGT/Schede/Attsen/00037415.htm,2025-08-27
28550,Giuliomaria,Terzi Di Sant'Agata,2022-10-13,19,elettivo,senatore,F,9 (LOMBARDIA - U09 (TREVIGLIO),Lombardia,giulio.terzi@senato.it,,,,,https://www.senato.it/leg/19/Immagini/Senatori/00028550.jpg,https://www.senato.it/leg/19/BGT/Schede/Attsen/00028550.htm,https://www.senato.it/leg/19/BGT/Schede/Attsen/00028550.htm,2025-08-27
32721,Elena,Testor,2022-10-13,19,elettivo,senatore,LSP-PS,3 (TRENTINO-ALTO ADIGE/SÜDTIROL - U03 (PERGINE VALSUGANA),Trentino,elena.testor@senato.it,,,,,https://www.senato.it/leg/19/Immagini/Senatori/00032721.jpg,https://www.senato.it/leg/19/BGT/Schede/Attsen/00032721.htm,https://www.senato.it/leg/19/BGT/Schede/Attsen/00032721.htm,2025-08-27
30915,Paolo,Tosato,2022-10-13,19,elettivo,senatore,LSP-PS,5 (VENETO - U05 (VERONA),Veneto,paolo.tosato@senato.it,,,,,https://www.senato.it/leg/19/Immagini/Senatori/00030915.jpg,https://www.senato.it/leg/19/BGT/Schede/Attsen/00030915.htm,https://www.senato.it/leg/19/BGT/Schede/Attsen/00030915.htm,2025-08-27
36448,Antonio Salvatore,Trevisi,2022-10-13,19,elettivo,senatore,FI-BP-PPE,,Puglia,antoniosalvatore.trevisi@senato.it,,,,,https://www.senato.it/leg/19/Immagini/Senatori/00036448.jpg,https://www.senato.it/leg/19/BGT/Schede/Attsen/00036448.htm,https://www.senato.it/leg/19/BGT/Schede/Attsen/00036448.htm,2025-08-27
36449,Francesca,Tubetti,2022-10-13,19,elettivo,senatore,F,,Friuli,francesca.tubetti@senato.it,,,,,https://www.senato.it/leg/19/Immagini/Senatori/00036449.jpg,https://www.senato.it/leg/19/BGT/Schede/Attsen/00036449.htm,https://www.senato.it/leg/19/BGT/Schede/Attsen/00036449.htm,2025-08-27
32726,Mario,Turco,2022-10-13,19,elettivo,senatore,M5S,,Basilicata,mario.turco@senato.it,,,,,https://www.senato.it/leg/19/Immagini/Senatori/00032726.jpg,https://www.senato.it/leg/19/BGT/Schede/Attsen/00032726.htm,https://www.senato.it/leg/19/BGT/Schede/Attsen/00032726.htm,2025-08-27
32727,Julia,Unterberger,2022-10-13,19,elettivo,senatore,,5 (TRENTINO-ALTO ADIGE/SÜDTIROL - U05 (MERANO/MERAN),Trentino,julia.unterberger@senato.it,,,,,https://www.senato.it/leg/19/Immagini/Senatori/00032727.jpg,https://www.senato.it/leg/19/BGT/Schede/Attsen/00032727.htm,https://www.senato.it/leg/19/BGT/Schede/Attsen/00032727.htm,2025-08-27
2444,Adolfo,Urso,2022-10-13,19,elettivo,senatore,F,,Veneto,adolfo.urso@senato.it,,,,,https://www.senato.it/leg/19/Immagini/Senatori/00002444.jpg,https://www.senato.it/leg/19/BGT/Schede/Attsen/00002444.htm,https://www.senato.it/leg/19/BGT/Schede/Attsen/00002444.htm,2025-08-27
29604,Valeria,Valente,2022-10-13,19,elettivo,senatore,PD-IDP,,Puglia,valeria.valente@senato.it,,,,,https://www.senato.it/leg/19/Immagini/Senatori/00029604.jpg,https://www.senato.it/leg/19/BGT/Schede/Attsen/00029604.htm,https://www.senato.it/leg/19/BGT/Schede/Attsen/00029604.htm,2025-08-27
28924,Francesco,Verducci,2022-10-13,19,elettivo,senatore,PD-IDP,,Piemonte,francesco.verducci@senato.it,,,,,https://www.senato.it/leg/19/Immagini/Senatori/00028924.jpg,https://www.senato.it/leg/19/BGT/Schede/Attsen/00028924.htm,https://www.senato.it/leg/19/BGT/Schede/Attsen/00028924.htm,2025-08-27
25377,Walter,Verini,2022-10-13,19,elettivo,senatore,PD-IDP,,Umbria,walter.verini@senato.it,,,,,https://www.senato.it/leg/19/Immagini/Senatori/00025377.jpg,https://www.senato.it/leg/19/BGT/Schede/Attsen/00025377.htm,https://www.senato.it/leg/19/BGT/Schede/Attsen/00025377.htm,2025-08-27
33027,Giusy,Versace,2022-10-13,19,elettivo,senatore,C,,Lombardia,giusy.versace@senato.it,,,,,https://www.senato.it/leg/19/Immagini/Senatori/00033027.jpg,https://www.senato.it/leg/19/BGT/Schede/Attsen/00033027.htm,https://www.senato.it/leg/19/BGT/Schede/Attsen/00033027.htm,2025-08-27
32732,Francesco,Zaffini,2022-10-13,19,elettivo,senatore,F,1 (UMBRIA - U01 (PERUGIA),Umbria,francesco.zaffini@senato.it,,,,,https://www.senato.it/leg/19/Immagini/Senatori/00032732.jpg,https://www.senato.it/leg/19/BGT/Schede/Attsen/00032732.htm,https://www.senato.it/leg/19/BGT/Schede/Attsen/00032732.htm,2025-08-27
36429,Ylenia,Zambito,2022-10-13,19,elettivo,senatore,,,Toscana,ylenia.zambito@senato.it,,,,,https://www.senato.it/leg/19/Immagini/Senatori/00036429.jpg,https://www.senato.it/leg/19/BGT/Schede/Attsen/00036429.htm,https://www.senato.it/leg/19/BGT/Schede/Attsen/00036429.htm,2025-08-27
24016,Sandra,Zampa,2022-10-13,19,elettivo,senatore,,,Emilia,sandra.zampa@senato.it,,,,,https://www.senato.it/leg/19/Immagini/Senatori/00024016.jpg,https://www.senato.it/leg/19/BGT/Schede/Attsen/00024016.htm,https://www.senato.it/leg/19/BGT/Schede/Attsen/00024016.htm,2025-08-27
17811,Pierantonio,Zanettin,2022-10-13,19,elettivo,senatore,FI-BP-PPE,,Veneto,pierantonio.zanettin@senato.it,,,,,https://www.senato.it/leg/19/Immagini/Senatori/00017811.jpg,https://www.senato.it/leg/19/BGT/Schede/Attsen/00017811.htm,https://www.senato.it/leg/19/BGT/Schede/Attsen/00017811.htm,2025-08-27
33038,Paolo,Zangrillo,2022-10-13,19,elettivo,senatore,FI-BP-PPE,4 (PIEMONTE - U04 (ALESSANDRIA),Piemonte,paolo.zangrillo@senato.it,,,,,https://www.senato.it/leg/19/Immagini/Senatori/00033038.jpg,https://www.senato.it/leg/19/BGT/Schede/Attsen/00033038.htm,https://www.senato.it/leg/19/BGT/Schede/Attsen/00033038.htm,2025-08-27
36430,Antonella,Zedda,2022-10-13,19,elettivo,senatore,,1 (SARDEGNA - U01 (CAGLIARI),Sardegna,antonella.zedda@senato.it,,,,,https://www.senato.it/leg/19/Immagini/Senatori/00036430.jpg,https://www.senato.it/leg/19/BGT/Schede/Attsen/00036430.htm,https://www.senato.it/leg/19/BGT/Schede/Attsen/00036430.htm,2025-08-27
36450,Ignazio,Zullo,2022-10-13,19,elettivo,senatore,F,,Puglia,,,,,,https://www.senato.it/leg/19/Immagini/Senatori/00036450.jpg,https://www.senato.it/leg/19/BGT/Schede/Attsen/00036450.htm,https://www.senato.it/leg/19/BGT/Schede/Attsen/00036450.htm,2025-08-27
